,LR scores train,LR scores test
0,0.9406291655558519,0.9361433087460485
1,0.9368344370860927,0.9547325102880657
2,0.9486825512709895,0.9076923076923077
3,0.9464887397285815,0.9087837837837838
4,0.936168234231362,0.9520970832446243
